{
  "models": {
    "LightGBM": {
      "mean_r2": 0.9757502891695378,
      "std_r2": 0.0013498462337980814,
      "oof_r2": 0.9757824236788248
    },
    "XGBoost": {
      "mean_r2": 0.9738987311488853,
      "std_r2": 0.0012436709137851904,
      "oof_r2": 0.9739282248048398
    },
    "CatBoost": {
      "mean_r2": 0.975610158134702,
      "std_r2": 0.0011310703055883462,
      "oof_r2": 0.9756316082500058
    },
    "ExtraTrees": {
      "mean_r2": 0.9692734674038906,
      "std_r2": 0.0015474875083582933,
      "oof_r2": 0.9693059881922942
    }
  },
  "ensemble_weights": {
    "LightGBM": 0.5,
    "XGBoost": 0.0,
    "CatBoost": 0.5,
    "ExtraTrees": 0.0
  },
  "final_r2": 0.9763849652749724,
  "final_score": 97.63849652749724,
  "n_features": 75,
  "submission_shape": [
    41778,
    2
  ]
}