{
  "models": {
    "LightGBM": {
      "mean_r2": 0.9750994405465624,
      "std_r2": 0.0015057804649297349,
      "oof_r2": 0.9751331659451153
    },
    "XGBoost": {
      "mean_r2": 0.9733320974498321,
      "std_r2": 0.0014111326397771313,
      "oof_r2": 0.9733639245011068
    },
    "CatBoost": {
      "mean_r2": 0.9753986208298887,
      "std_r2": 0.0013375293266062766,
      "oof_r2": 0.9754237742651012
    },
    "ExtraTrees": {
      "mean_r2": 0.9687755800678136,
      "std_r2": 0.001681340100415628,
      "oof_r2": 0.9688069457930425
    }
  },
  "ensemble_weights": {
    "LightGBM": 0.4,
    "XGBoost": 0.0,
    "CatBoost": 0.6000000000000001,
    "ExtraTrees": -1.1102230246251565e-16
  },
  "final_r2": 0.9759364377845092,
  "final_score": 97.59364377845093,
  "n_features": 75,
  "submission_shape": [
    41778,
    2
  ]
}